{
  "experiment": "exp3_observer_divergence",
  "timestamp": "2026-03-07T12:04:45.702002",
  "n_sessions": 100,
  "observer_window": 10,
  "agents": {
    "Baseline Mirror": {
      "measurement_points": [
        10,
        20,
        30,
        40,
        50,
        60,
        70,
        80,
        90,
        100
      ],
      "internal_omega": [
        0.09491369584500035,
        0.09740222546364716,
        0.09994458670403318,
        0.09753268133556985,
        0.09598633206066845,
        0.0978325008193468,
        0.09742318197916654,
        0.0998512606264495,
        0.09998154088376279,
        0.09767797300943479
      ],
      "observer_intentionality": [
        0.6,
        0.6,
        0.6,
        0.6,
        0.6,
        0.6,
        0.6,
        0.6,
        0.6,
        0.6
      ],
      "final_case": "B (Mirror Problem)"
    },
    "Three-Layer": {
      "measurement_points": [
        10,
        20,
        30,
        40,
        50,
        60,
        70,
        80,
        90,
        100
      ],
      "internal_omega": [
        0.07616865486305063,
        0.13395235531836958,
        0.16948793323432645,
        0.1854617229020896,
        0.05327883321199972,
        0.2,
        0.2,
        0.2,
        0.2,
        0.08206638959983908
      ],
      "observer_intentionality": [
        0.10142601625695229,
        0.08949411555398493,
        0.10282044407129642,
        0.08027746981204928,
        0.09387244087950375,
        0.11549105882080532,
        0.11150398596507764,
        0.09465361950019455,
        0.1470426071074853,
        0.07056990122645357
      ],
      "final_case": "D (Baseline Mirror)"
    }
  }
}